hook,engagement_score,platform
Emotional eating signs,481.7835365853658,TikTok
Burnout warning,434.07372400756145,TikTok
Confidence secret,366.9614147909968,TikTok
Sleep affects weight,180.9542664818848,Instagram
Hidden stress signals,91.43059490084985,TikTok
Gut health truth,45.73053892215569,TikTok
Why diets fail,37.5822716019564,TikTok
Your brain and sugar,37.2091342679578,Instagram
Stop doing this at night,35.55474981870921,TikTok
Weight loss mistake,34.052175568885076,Instagram
